OBJECTID,WHO_REGION,ISO_2_CODE,ADM0_NAME,ADM0_CODE,STARTDATE,ENDDATE,GUID,ISO_3_CODE,WHO_CODE,ADM0_SOVRN,ADM0_ALTID,ISO_2_ADM0_COMBINED,LVL,WHO_STATUS,UN_CODE,UNICEF_REG,CENTER_LON,CENTER_LAT,NOTES,ADM0_VIZ_NAME
1465,AMRO,AW,ARUBA,AW001000000000000000,00:00.0,00:00.0,A5CA2F77-2705-4A8F-BAEE-CE6DF1770224,ABW,ARU,Netherlands,NULL,NULL,0,Other,533,Undefined,-69.97713313,12.51668736,NULL,Aruba
1466,EMRO,AF,AFGHANISTAN,AF001000000000000000,00:00.0,00:00.0,BF4E1516-20F9-4D0B-AFEE-15FB1FBBBBBE,AFG,AFG,Afghanistan,NULL,NULL,0,Member state,4,ROSA,66.02652977,33.83890116,NULL,Afghanistan
1467,AFRO,AO,ANGOLA,AO001000000000000000,00:00.0,00:00.0,2A5AAF40-E526-4778-A1E2-204D26254D21,AGO,ANG,Angola,NULL,NULL,0,Member state,24,ESARO,17.54379621,-12.29575318,NULL,Angola
1468,AMRO,AI,ANGUILLA,AI001000000000000000,00:00.0,00:00.0,A4E72E84-00BB-4AD5-890E-A9E6734A28EE,AIA,ANU,United Kingdom of Great Britain and Northern Ireland,NULL,NULL,0,Other,660,TACRO,-63.05795609,18.22423294,NULL,Anguilla
1469,EURO,AL,ALBANIA,AL001000000000000000,00:00.0,00:00.0,C7192FCC-F547-44ED-A758-3D8E48420CEF,ALB,ALB,Albania,NULL,NULL,0,Member state,8,CEE/CIS,20.06917817,41.14595803,NULL,Albania
1470,EURO,AD,ANDORRA,AD001000000000000000,00:00.0,00:00.0,066F0F3C-D111-4A65-AFDD-5F86E5AC8DDC,AND,AND,Andorra,NULL,NULL,0,Member state,20,Undefined,1.57568833,42.54858297,NULL,Andorra
1471,EMRO,AE,UNITED ARAB EMIRATES,AE001000000000000000,00:00.0,00:00.0,549ED949-4C36-4AB0-B37C-EC9F84EE8E14,ARE,UAE,United Arab Emirates,NULL,NULL,0,Member state,784,MENA,54.33219878,23.91267254,NULL,United Arab Emirates
1472,AMRO,AR,ARGENTINA,AR001000000000000000,00:00.0,00:00.0,61EA4A3A-5A12-410E-8AF0-0D59D828A9DD,ARG,ARG,Argentina,NULL,NULL,0,Member state,32,TACRO,-65.16748474,-35.37667253,NULL,Argentina
1473,EURO,AM,ARMENIA,AM001000000000000000,00:00.0,00:00.0,EACF41CC-AA5E-48C9-A3DB-386FCE22497F,ARM,ARM,Armenia,NULL,NULL,0,Member state,51,CEE/CIS,44.94793424,40.28641688,NULL,Armenia
1474,WPRO,AS,AMERICAN SAMOA,AS001000000000000000,00:00.0,00:00.0,85204056-BAC8-48CF-86FE-E4DACE89F8D0,ASM,AMS,United States of America,NULL,NULL,0,Other,16,Undefined,-170.4018397,-14.28592649,NULL,American Samoa
1475,AMRO,AG,ANTIGUA AND BARBUDA,AG001000000000000000,00:00.0,00:00.0,2DEBCAE0-BE57-4212-8B92-8A0BE7DA51A4,ATG,ANI,Antigua and Barbuda,NULL,NULL,0,Member state,28,TACRO,-61.79112759,17.280137,NULL,Antigua and Barbuda
1476,WPRO,AU,AUSTRALIA,AU001000000000000000,00:00.0,00:00.0,BB79D7C7-29B4-45F2-93E6-2DF1ACC709AD,AUS,AUS,Australia,NULL,NULL,0,Member state,36,Undefined,134.490976,-25.73326023,NULL,Australia
1477,EURO,AT,AUSTRIA,AT001000000000000000,00:00.0,00:00.0,8608CB86-E05D-483D-8EDA-8D1B03069602,AUT,AUT,Austria,NULL,NULL,0,Member state,40,Undefined,14.13998831,47.59295768,NULL,Austria
1478,EURO,AZ,AZERBAIJAN,AZ001000000000000000,00:00.0,00:00.0,7C545B04-B947-4D2A-94F1-AF4010981973,AZE,AZE,Azerbaijan,NULL,NULL,0,Member state,31,CEE/CIS,47.53232681,40.2922195,NULL,Azerbaijan
1479,AFRO,BI,BURUNDI,BI001000000000000000,00:00.0,00:00.0,BF20D4F1-D25B-4BE3-B8F5-7A2A94A20ECF,BDI,BUU,Burundi,NULL,NULL,0,Member state,108,ESARO,29.88682139,-3.35629712,NULL,Burundi
1480,EURO,BE,BELGIUM,BE001000000000000000,00:00.0,00:00.0,EFFEA6FA-D758-4860-AD26-41CDC15C23FB,BEL,BEL,Belgium,NULL,NULL,0,Member state,56,Undefined,4.66434841,50.64295176,NULL,Belgium
1481,AFRO,BJ,BENIN,BJ001000000000000000,00:00.0,00:00.0,27D0EDF7-B070-4943-BB9B-DCEE5A4D216E,BEN,BEN,Benin,NULL,NULL,0,Member state,204,WCARO,2.34326271,9.64764997,NULL,Benin
1482,AMRO,BQ,"BONAIRE, SINT EUSTATIUS AND SABA",BQ001000000000000000,00:00.0,00:00.0,03D049E6-6B6D-40E8-8BE7-C2D0BF288B51,BES,BES,Netherlands,NULL,NULL,0,Other,535,Undefined,-67.68370917,12.8019026,"Netherlands Antilles were disolved in 2010, Bonaire, Sint Eustatius and Saba are now three special municipalities of the Netherldans ","Bonaire, Sint Eustatius and Saba"
1483,AFRO,BF,BURKINA FASO,BF001000000000000000,00:00.0,00:00.0,9612AC85-D7CD-4B88-B2B9-C7B6DB8AB6DE,BFA,BFA,Burkina Faso,NULL,NULL,0,Member state,854,WCARO,-1.73983521,12.27793715,NULL,Burkina Faso
1484,SEARO,BD,BANGLADESH,BD001000000000000000,00:00.0,00:00.0,C4D7552F-FAA1-4BF4-A22E-C9B5D9EE14C2,BGD,BAN,Bangladesh,NULL,NULL,0,Member state,50,ROSA,90.27092576,23.8330072,NULL,Bangladesh
1485,EURO,BG,BULGARIA,BG001000000000000000,00:00.0,00:00.0,9EC1719F-EDD7-42AF-8988-ED246A25FF6E,BGR,BUL,Bulgaria,NULL,NULL,0,Member state,100,Undefined,25.23475756,42.76032141,NULL,Bulgaria
1486,EMRO,BH,BAHRAIN,BH001000000000000000,00:00.0,00:00.0,9C36E72C-28FE-463F-8D8A-43EC9BE45BC6,BHR,BAA,Bahrain,NULL,NULL,0,Member state,48,MENA,50.56248915,26.01947392,NULL,Bahrain
1487,AMRO,BS,BAHAMAS,BS001000000000000000,00:00.0,00:00.0,33B1CBCB-FE87-4A85-95CB-6DA429E96A44,BHS,BAH,Bahamas,NULL,NULL,0,Member state,44,Undefined,-76.5004385,24.1666829,NULL,Bahamas
1488,EURO,BA,BOSNIA AND HERZEGOVINA,BA001000000000000000,00:00.0,00:00.0,E72216B1-90CA-4EF3-8CA5-334DC566E491,BIH,BIH,Bosnia and Herzegovina,NULL,NULL,0,Member state,70,CEE/CIS,17.78861095,44.16643966,NULL,Bosnia and Herzegovina
1489,AMRO,BL,SAINT BARTHELEMY,BL001000000000000000,00:00.0,00:00.0,CB1E18FF-5846-4576-A2C1-267EB2D43B76,BLM,BLM,France,NULL,NULL,0,Other,652,Undefined,-62.83353803,17.9057614,Saint Martin and Saint Barthélemy were separed from Guadeloupe in 2003,Saint Barthelemy
1490,EURO,BY,BELARUS,BY001000000000000000,00:00.0,00:00.0,B0DB3EB1-014D-4F19-AD8A-0D42E84400BC,BLR,BLR,Belarus,NULL,NULL,0,Member state,112,CEE/CIS,28.04696448,53.54021951,NULL,Belarus
1491,AMRO,BZ,BELIZE,BZ001000000000000000,00:00.0,00:00.0,A4D24382-FDC3-4D00-9100-B548A6242D22,BLZ,BLZ,Belize,NULL,NULL,0,Member state,84,TACRO,-88.68278545,17.21852829,NULL,Belize
1492,AMRO,BM,BERMUDA,BM001000000000000000,00:00.0,00:00.0,52405A96-0CE0-44D8-9634-3D0585D5E7FA,BMU,BER,United Kingdom of Great Britain and Northern Ireland,NULL,NULL,0,Other,60,Undefined,-64.75637722,32.31349498,NULL,Bermuda
1493,AMRO,BO,BOLIVIA (PLURINATIONAL STATE OF),BO001000000000000000,00:00.0,00:00.0,500E72B0-DBEF-4FEA-B333-BCD8FD377EB9,BOL,BOL,Bolivia (Plurinational State of),NULL,NULL,0,Member state,68,TACRO,-64.67054847,-16.71510989,NULL,Bolivia (Plurinational State of)
1494,AMRO,BR,BRAZIL,BR001000000000000000,00:00.0,00:00.0,DBE63621-0172-44AA-A620-596915232432,BRA,BRA,Brazil,NULL,NULL,0,Member state,76,TACRO,-53.08875436,-10.7722828,NULL,Brazil
1495,AMRO,BB,BARBADOS,BB001000000000000000,00:00.0,00:00.0,7C810B1F-298C-4F95-A84D-CE460E6E593D,BRB,BAR,Barbados,NULL,NULL,0,Member state,52,TACRO,-59.56212696,13.17879902,NULL,Barbados
1496,WPRO,BN,BRUNEI DARUSSALAM,BN001000000000000000,00:00.0,00:00.0,688A16E9-73E3-4495-8EEC-A9EF51D28B4A,BRN,BRU,Brunei Darussalam,NULL,NULL,0,Member state,96,EAPRO,114.7613209,4.52147838,NULL,Brunei Darussalam
1497,SEARO,BT,BHUTAN,BT001000000000000000,00:00.0,00:00.0,0D97D3E1-4BA2-431A-8404-F13231D663BD,BTN,BHU,Bhutan,NULL,NULL,0,Member state,64,ROSA,90.42943275,27.41546082,NULL,Bhutan
1498,AFRO,BW,BOTSWANA,BW001000000000000000,00:00.0,00:00.0,689DDE45-4727-4B7B-9E35-5DDCC5EF2791,BWA,BOT,Botswana,NULL,NULL,0,Member state,72,ESARO,23.8150775,-22.18204202,NULL,Botswana
1499,AFRO,CF,CENTRAL AFRICAN REPUBLIC,CF001000000000000000,00:00.0,00:00.0,5A37F024-C6E9-444E-832A-57DB29915F70,CAF,CAF,Central African Republic,NULL,NULL,0,Member state,140,WCARO,20.48278081,6.57145342,NULL,Central African Republic
1500,AMRO,CA,CANADA,CA001000000000000000,00:00.0,00:00.0,3C3C3405-35C5-4143-A7AB-738CF519268D,CAN,CAN,Canada,NULL,NULL,0,Member state,124,Undefined,-98.26094698,61.3930667,NULL,Canada
1501,WPRO,CC,COCOS (KEELING) ISLANDS,CC001000000000000000,00:00.0,00:00.0,C6DC016F-8F6F-4565-8923-77BAE728C0AA,CCK,CCK,Australia,NULL,NULL,0,Other,0,Undefined,96.85559708,-12.17188243,NULL,Cocos (Keeling) Islands
1502,EURO,CH,SWITZERLAND,CH001000000000000000,00:00.0,00:00.0,3AF18DCB-7D8A-4B6E-BC45-84611B8B6ECC,CHE,SWI,Switzerland,NULL,NULL,0,Member state,756,Undefined,8.23458738,46.8025828,NULL,Switzerland
1503,AMRO,CL,CHILE,CL001000000000000000,00:00.0,00:00.0,B359383B-D629-4086-B6B3-2BB5380272DC,CHL,CHI,Chile,NULL,NULL,0,Member state,152,TACRO,-71.38009385,-37.86811922,NULL,Chile
1504,WPRO,CN,CHINA,CN001000000000000000,00:00.0,00:00.0,AF40DA08-EEB3-40E9-BD59-41C06C17191F,CHN,CHN,China,NULL,NULL,0,Member state,156,EAPRO,103.8934731,36.51870146,NULL,China
1505,AFRO,CM,CAMEROON,CM001000000000000000,00:00.0,00:00.0,5CDB6BF4-89CE-457E-9C53-FB9142D71BA0,CMR,CAE,Cameroon,NULL,NULL,0,Member state,120,WCARO,12.7432535,5.68580436,NULL,Cameroon
1506,WPRO,CK,COOK ISLANDS,CK001000000000000000,00:00.0,00:00.0,A110BAC5-DF80-49F9-8229-263A50D1B6B3,COK,COK,New Zealand,NULL,NULL,0,Member state,184,EAPRO,-159.76,-21.211,The coordinates were introduced manually  ,Cook Islands
1507,AMRO,CO,COLOMBIA,CO001000000000000000,00:00.0,00:00.0,140398F0-B719-4865-AA11-F3DD7A3E137B,COL,COL,Colombia,NULL,NULL,0,Member state,170,TACRO,-73.07576335,3.90037401,NULL,Colombia
1508,AFRO,KM,COMOROS,KM001000000000000000,00:00.0,00:00.0,CE1A2871-812B-4F0F-BBAD-2E2E96A123C2,COM,COM,Comoros,NULL,NULL,0,Member state,174,ESARO,43.67623201,-11.89337767,NULL,Comoros
1509,AFRO,CV,CABO VERDE,CV001000000000000000,00:00.0,00:00.0,B6D5830A-0A76-4C5E-9B69-9BBC651C6FEE,CPV,CAV,Cabo Verde,NULL,NULL,0,Member state,132,WCARO,-23.545,14.928,"Country name changed from Cape Verde to Cabo Verde, The coordinates were introduced manually",Cabo Verde
1510,AMRO,CR,COSTA RICA,CR001000000000000000,00:00.0,00:00.0,6A30141B-1259-45EF-9303-9B3087A67606,CRI,COR,Costa Rica,NULL,NULL,0,Member state,188,TACRO,-84.18903867,9.97052135,NULL,Costa Rica
1511,AMRO,CU,CUBA,CU001000000000000000,00:00.0,00:00.0,57E6170D-3EB1-4CFE-9335-A61C5F2FF534,CUB,CUB,Cuba,NULL,NULL,0,Member state,192,TACRO,-79.0381998,21.62142096,NULL,Cuba
1512,AMRO,CW,CURACAO,CW001000000000000000,00:00.0,00:00.0,9EBCF8C2-5724-465E-93EE-B30F90CC72D2,CUW,CUW,Netherlands,NULL,NULL,0,Other,531,Undefined,-68.96749055,12.18779752,Curaçao was separated from Netherlands Antilles in 2010,Curacao
1513,WPRO,CX,CHRISTMAS ISLAND,CX001000000000000000,00:00.0,00:00.0,A508C5DC-355C-429F-97F9-CEAF092FFA0C,CXR,CXR,Australia,NULL,NULL,0,Other,0,Undefined,105.7036983,-10.44411526,NULL,Christmas Island
1514,AMRO,KY,CAYMAN ISLANDS,KY001000000000000000,00:00.0,00:00.0,5E1BFF1E-8435-4BF8-AE33-BEA5D4269C84,CYM,CAY,United Kingdom of Great Britain and Northern Ireland,NULL,NULL,0,Other,136,Undefined,-80.82909683,19.431525,NULL,Cayman Islands
1515,EURO,CY,CYPRUS,CY001000000000000000,00:00.0,00:00.0,21711ED5-AD84-4F8F-AF93-6E4D12E558BF,CYP,CYP,Cyprus,NULL,NULL,0,Member state,196,Undefined,33.21863708,35.04299175,NULL,Cyprus
1516,EURO,CZ,CZECH REPUBLIC,CZ001000000000000000,00:00.0,00:00.0,8CF681EF-D988-4D5D-86C7-5483977059E7,CZE,CZH,Czech Republic,NULL,NULL,0,Member state,203,Undefined,15.33833995,49.74303614,NULL,Czech Republic
1517,EURO,DE,GERMANY,DE001000000000000000,00:00.0,00:00.0,A46BC45E-BCAB-46D8-A50B-5008714077C0,DEU,DEU,Germany,NULL,NULL,0,Member state,276,Undefined,10.39232967,51.11015396,NULL,Germany
1518,EMRO,DJ,DJIBOUTI,DJ001000000000000000,00:00.0,00:00.0,01F29008-138C-45C3-A1E0-68200F08E1E9,DJI,DJI,Djibouti,NULL,NULL,0,Member state,262,MENA,42.5779403,11.7498128,NULL,Djibouti
1519,AMRO,DM,DOMINICA,DM001000000000000000,00:00.0,00:00.0,1C6DAC95-666F-4994-ABDC-7D788E9D27CD,DMA,DOM,Dominica,NULL,NULL,0,Member state,212,TACRO,-61.35549385,15.43661252,NULL,Dominica
1520,EURO,DK,DENMARK,DK001000000000000000,00:00.0,00:00.0,39DCD44B-AA79-48A8-9840-3179A28A35A9,DNK,DEN,Denmark,NULL,NULL,0,Member state,208,Undefined,10.05082082,55.9623328,NULL,Denmark
1521,AMRO,DO,DOMINICAN REPUBLIC,DO001000000000000000,00:00.0,00:00.0,29BCA7CC-63A9-4125-ABA4-D9D7FFAEC4F8,DOM,DOR,Dominican Republic,NULL,NULL,0,Member state,214,TACRO,-70.48543447,18.89309386,NULL,Dominican Republic
1522,AFRO,DZ,ALGERIA,DZ001000000000000000,00:00.0,00:00.0,74E60AC9-FE75-4273-9483-536BB1DD9F64,DZA,ALG,Algeria,NULL,NULL,0,Member state,12,MENA,2.63236595,28.16335741,NULL,Algeria
1523,AMRO,EC,ECUADOR,EC001000000000000000,00:00.0,00:00.0,41C1D495-2F62-42C7-A9BE-16E90C179973,ECU,ECU,Ecuador,NULL,NULL,0,Member state,218,TACRO,-78.78096177,-1.42528337,NULL,Ecuador
1524,EMRO,EG,EGYPT,EG001000000000000000,00:00.0,00:00.0,598E205C-5683-49E0-B61E-4B279E6C2082,EGY,EGY,Egypt,NULL,NULL,0,Member state,818,MENA,29.78210708,26.5565646,NULL,Egypt
1525,AFRO,ER,ERITREA,ER001000000000000000,00:00.0,00:00.0,7B9E18FE-FF3C-44DE-9B50-B91A8311DDDF,ERI,ERI,Eritrea,NULL,NULL,0,Member state,232,ESARO,38.85292555,15.35884102,NULL,Eritrea
1526,AFRO,EH,WESTERN SAHARA,EH001000000000000000,00:00.0,00:00.0,641207BE-7718-495F-A5E5-C86A4374865E,ESH,ESH,Western Sahara,NULL,NULL,0,Other,732,Undefined,-13.13672471,24.66157494,NULL,Western Sahara
1527,EURO,ES,SPAIN,ES001000000000000000,00:00.0,00:00.0,A2915E2F-0D93-4EE6-8E41-1FA268228580,ESP,SPA,Spain,NULL,NULL,0,Member state,724,Undefined,-3.64931118,40.22749596,NULL,Spain
1528,EURO,EE,ESTONIA,EE001000000000000000,00:00.0,00:00.0,465EBC0D-DC95-4D49-8C01-58D7E2A9629F,EST,EST,Estonia,NULL,NULL,0,Member state,233,Undefined,25.5257709,58.67400787,NULL,Estonia
1529,AFRO,ET,ETHIOPIA,ET001000000000000000,00:00.0,00:00.0,E9F231CB-35E1-467B-8B7C-067DF2B9B8F5,ETH,ETH,Ethiopia,NULL,NULL,0,Member state,231,ESARO,39.61601894,8.62613927,NULL,Ethiopia
1530,EURO,FI,FINLAND,FI001000000000000000,00:00.0,00:00.0,E3FD3D41-FEAA-443F-A135-08A80552525C,FIN,FIN,Finland,NULL,NULL,0,Member state,246,Undefined,26.2588423,64.49433129,NULL,Finland
1531,WPRO,FJ,FIJI,FJ001000000000000000,00:00.0,00:00.0,10A110C7-9BCA-41A2-8665-E967984C4F31,FJI,FIJ,Fiji,NULL,NULL,0,Member state,242,EAPRO,178.182,-17.855,The coordinates were introduced manually  ,Fiji
1532,AMRO,FK,FALKLAND ISLANDS (MALVINAS),FK001000000000000000,00:00.0,00:00.0,769FFE65-DF8D-4C93-AAE9-ABB20AE84439,FLK,FLK,United Kingdom of Great Britain and Northern Ireland,NULL,NULL,0,Other,238,Undefined,-59.37234604,-51.7398244,NULL,Falkland Islands (Malvinas)
1533,EURO,FR,FRANCE,FR001000000000000000,00:00.0,00:00.0,4C308A42-4E33-4D8F-A408-0746862545C7,FRA,FRA,France,NULL,NULL,0,Member state,250,Undefined,2.55042646,46.56487403,NULL,France
1534,EURO,FO,FAROE ISLANDS,FO001000000000000000,00:00.0,00:00.0,53F56A27-5297-4C05-A47B-B2033E95DB63,FRO,FRO,Denmark,NULL,NULL,0,Other,234,Undefined,-6.86363602,62.050314,NULL,Faroe Islands
1535,WPRO,FM,MICRONESIA (FEDERATED STATES OF),FM001000000000000000,00:00.0,00:00.0,12A8B04B-DF97-4E0B-88E4-924BF33BDBC6,FSM,MIC,Micronesia (Federated States of),NULL,NULL,0,Member state,583,EAPRO,154.8281847,7.09583265,NULL,Micronesia (Federated States of)
1536,AFRO,GA,GABON,GA001000000000000000,00:00.0,00:00.0,CBF1734A-37F7-4691-BB44-0123114CB49E,GAB,GAB,Gabon,NULL,NULL,0,Member state,266,WCARO,11.79715762,-0.59067797,NULL,Gabon
1537,EURO,GB,UNITED KINGDOM OF GREAT BRITAIN AND NORTHERN IRELAND,GB001000000000000000,00:00.0,00:00.0,50626E89-E145-4D23-8CC4-911240017430,GBR,UNK,United Kingdom of Great Britain and Northern Ireland,NULL,NULL,0,Member state,826,Undefined,-2.90049476,54.1601792,NULL,United Kingdom
1538,EURO,GE,GEORGIA,GE001000000000000000,00:00.0,00:00.0,E75C6929-6252-4E54-AF0F-83798AFE3123,GEO,GEO,Georgia,NULL,NULL,0,Member state,268,CEE/CIS,43.51757115,42.17632583,NULL,Georgia
1539,EURO,GG,GUERNSEY,GG001000000000000000,00:00.0,00:00.0,2CB7929D-D72E-4129-83C9-C293FC73D996,GGY,GGY,United Kingdom of Great Britain and Northern Ireland,NULL,NULL,0,Other,0,Undefined,-2.57582282,49.4590463,NULL,Guernsey
1540,AFRO,GH,GHANA,GH001000000000000000,00:00.0,00:00.0,F582CA2F-9B52-4CEA-AC99-2AE687930D8E,GHA,GHA,Ghana,NULL,NULL,0,Member state,288,WCARO,-1.20704619,7.95964382,NULL,Ghana
1541,EURO,GI,GIBRALTAR,GI001000000000000000,00:00.0,00:00.0,6E156108-E9E8-4087-B89C-37E5851BD8D0,GIB,GIB,United Kingdom of Great Britain and Northern Ireland,NULL,NULL,0,Other,292,Undefined,-5.34488893,36.1381932,NULL,Gibraltar
1542,AFRO,GN,GUINEA,GN001000000000000000,00:00.0,00:00.0,3740A605-5160-4F27-BD0D-D8F08466011A,GIN,GUI,Guinea,NULL,NULL,0,Member state,324,WCARO,-10.94182542,10.43854094,NULL,Guinea
1544,AMRO,GP,GUADELOUPE,GP002000000000000000,00:00.0,00:00.0,899B5328-C489-48C0-B77D-536F26908563,GLP,GUA,France,NULL,NULL,0,Other,312,Undefined,-61.53039242,16.20126357,Saint Martin and Saint Barthélemy were separed from Guadeloupe in 2003,Guadeloupe
1545,AFRO,GM,GAMBIA,GM001000000000000000,00:00.0,00:00.0,71D4622E-3CCD-4650-9E66-EE0421F0F2B3,GMB,GAM,Gambia,NULL,NULL,0,Member state,270,WCARO,-15.3856196,13.4529444,NULL,Gambia
1546,AFRO,GW,GUINEA-BISSAU,GW001000000000000000,00:00.0,00:00.0,0334AF86-91EF-485E-805F-A204EF2764AB,GNB,GUB,Guinea-Bissau,NULL,NULL,0,Member state,624,WCARO,-14.98748401,12.0161983,NULL,Guinea-Bissau
1547,AFRO,GQ,EQUATORIAL GUINEA,GQ001000000000000000,00:00.0,00:00.0,AF7E3138-B823-4063-8A50-4408C8527CC9,GNQ,EQG,Equatorial Guinea,NULL,NULL,0,Member state,226,WCARO,10.33849628,1.7101686,NULL,Equatorial Guinea
1548,EURO,GR,GREECE,GR001000000000000000,00:00.0,00:00.0,89EFDCEC-75E3-4185-83A8-D2CB7F6BEFF6,GRC,GRE,Greece,NULL,NULL,0,Member state,300,Undefined,22.9879848,39.04452874,NULL,Greece
1549,AMRO,GD,GRENADA,GD001000000000000000,00:00.0,00:00.0,4B754E02-4287-4B40-9237-7E13FB010E05,GRD,GRA,Grenada,NULL,NULL,0,Member state,308,TACRO,-61.65003909,12.16251573,NULL,Grenada
1550,EURO,GL,GREENLAND,GL001000000000000000,00:00.0,00:00.0,E7D73B5C-27BF-451C-BE96-73DE13560E8C,GRL,GRN,Denmark,NULL,NULL,0,Other,0,Undefined,-41.39096667,74.71895353,NULL,Greenland
1551,AMRO,GT,GUATEMALA,GT001000000000000000,00:00.0,00:00.0,7C9C0379-ABF3-47B2-BE97-0F40DED5F732,GTM,GUT,Guatemala,NULL,NULL,0,Member state,320,TACRO,-90.3569493,15.7023026,NULL,Guatemala
1552,AMRO,GF,FRENCH GUIANA,GF001000000000000000,00:00.0,00:00.0,31AB5F81-AD33-43CE-8491-1FA569D46C57,GUF,FRG,France,NULL,NULL,0,Other,254,Undefined,-53.24126696,3.9243882,NULL,French Guiana
1553,WPRO,GU,GUAM,GU001000000000000000,00:00.0,00:00.0,07A13D36-90EF-4597-8599-BCE2894A8A50,GUM,GUM,United States of America,NULL,NULL,0,Associate member,316,Undefined,144.7758568,13.44403107,NULL,Guam
1554,AMRO,GY,GUYANA,GY001000000000000000,00:00.0,00:00.0,B663554A-3AA6-47A6-BA74-453B3EF0DCD1,GUY,GUY,Guyana,NULL,NULL,0,Member state,328,TACRO,-58.97416349,4.79237827,NULL,Guyana
1555,AMRO,HN,HONDURAS,HN001000000000000000,00:00.0,00:00.0,8D033CD7-4B1E-4C4C-87F0-879F94799CA2,HND,HON,Honduras,NULL,NULL,0,Member state,340,TACRO,-86.61965899,14.81934813,NULL,Honduras
1556,EURO,HR,CROATIA,HR001000000000000000,00:00.0,00:00.0,0632BD7C-FA87-4B49-847E-747EB322C506,HRV,CRO,Croatia,NULL,NULL,0,Member state,191,CEE/CIS,16.40934249,45.04363696,NULL,Croatia
1557,AMRO,HT,HAITI,HT001000000000000000,00:00.0,00:00.0,45438A36-15D1-416A-B380-1606669AF4C7,HTI,HAI,Haiti,NULL,NULL,0,Member state,332,TACRO,-72.68358014,18.93900136,NULL,Haiti
1558,EURO,HU,HUNGARY,HU001000000000000000,00:00.0,00:00.0,DD6F8B0D-73F4-4AFC-889E-185C363755BD,HUN,HUN,Hungary,NULL,NULL,0,Member state,348,Undefined,19.41342813,47.16647906,NULL,Hungary
1559,SEARO,ID,INDONESIA,ID001000000000000000,00:00.0,00:00.0,9350B806-04CA-4C8F-926E-7C5F644A13C7,IDN,INO,Indonesia,NULL,NULL,0,Member state,360,EAPRO,117.3110169,-2.22903453,NULL,Indonesia
1560,EURO,IM,ISLE OF MAN,IM001000000000000000,00:00.0,00:00.0,45B3FCBA-3667-474B-8081-B17737D8CB5F,IMN,IMN,United Kingdom of Great Britain and Northern Ireland,NULL,NULL,0,Other,833,Undefined,-4.52652992,54.2288333,NULL,Isle of Man
1561,SEARO,IN,INDIA,IN001000000000000000,00:00.0,00:00.0,E75886D8-11CE-4563-BD85-86BCB9312CEE,IND,IND,India,NULL,NULL,0,Member state,356,ROSA,79.6188183,22.88132057,NULL,India
1562,EURO,IE,IRELAND,IE001000000000000000,00:00.0,00:00.0,F5D664D0-C086-4D71-8874-044E3D094C5D,IRL,IRE,Ireland,NULL,NULL,0,Member state,372,Undefined,-8.1515763,53.17708682,NULL,Ireland
1563,EMRO,IR,IRAN (ISLAMIC REPUBLIC OF),IR001000000000000000,00:00.0,00:00.0,2EEA3A5C-8A36-4A18-A7AB-1B927A092A60,IRN,IRA,Iran (Islamic Republic of),NULL,NULL,0,Member state,364,MENA,54.30141376,32.56479959,NULL,Iran (Islamic Republic of)
1564,EMRO,IQ,IRAQ,IQ001000000000000000,00:00.0,00:00.0,1FFA0200-4CDB-47DF-BA42-2E687224B89D,IRQ,IRQ,Iraq,NULL,NULL,0,Member state,368,MENA,43.77224552,33.04800654,NULL,Iraq
1565,EURO,IS,ICELAND,IS001000000000000000,00:00.0,00:00.0,66510A15-4A49-4FB4-9400-6E6FD0D1D259,ISL,ICE,Iceland,NULL,NULL,0,Member state,352,Undefined,-18.6057026,64.99764998,NULL,Iceland
1566,EURO,IL,ISRAEL,IL001000000000000000,00:00.0,00:00.0,81D5BB84-8E84-4830-9FA3-F29E9B09FDA8,ISR,ISR,Israel,NULL,NULL,0,Member state,376,Undefined,34.96598271,31.35805652,NULL,Israel
1567,EURO,IT,ITALY,IT001000000000000000,00:00.0,00:00.0,E595E984-0E40-4363-AA46-5E7DECF832F6,ITA,ITA,Italy,NULL,NULL,0,Member state,380,Undefined,12.07165559,42.79119167,NULL,Italy
1568,AMRO,JM,JAMAICA,JM001000000000000000,00:00.0,00:00.0,203D9C03-8C32-4506-8AE0-ABFC176C586F,JAM,JAM,Jamaica,NULL,NULL,0,Member state,388,TACRO,-77.31975081,18.15133064,NULL,Jamaica
1569,EURO,JE,JERSEY,JE001000000000000000,00:00.0,00:00.0,82A7EEBF-4858-4AD8-B68F-1B7BD7B719BC,JEY,JEY,United Kingdom of Great Britain and Northern Ireland,NULL,NULL,0,Other,0,Undefined,-2.12891773,49.21949816,NULL,Jersey
1570,EMRO,JO,JORDAN,JO001000000000000000,00:00.0,00:00.0,79882E66-3900-4C94-B9E1-FA2DE8A2A6F0,JOR,JOR,Jordan,NULL,NULL,0,Member state,400,MENA,36.78694114,31.25338179,NULL,Jordan
1571,WPRO,JP,JAPAN,JP001000000000000000,00:00.0,00:00.0,9CBA65BA-DDFD-418E-8501-21B13E24E90E,JPN,JPN,Japan,NULL,NULL,0,Member state,392,Undefined,137.9738703,37.53982621,NULL,Japan
1572,EURO,KZ,KAZAKHSTAN,KZ001000000000000000,00:00.0,00:00.0,4977DD2E-53DA-4F6E-8B28-B232665DCE70,KAZ,KAZ,Kazakhstan,NULL,NULL,0,Member state,398,CEE/CIS,67.30130018,48.1600427,NULL,Kazakhstan
1573,AFRO,KE,KENYA,KE001000000000000000,00:00.0,00:00.0,2198ECC4-8B3B-4003-9EA9-874348DF3DE0,KEN,KEN,Kenya,NULL,NULL,0,Member state,404,ESARO,37.85786442,0.52978018,NULL,Kenya
1574,EURO,KG,KYRGYZSTAN,KG001000000000000000,00:00.0,00:00.0,874EF90D-615D-4AD3-8893-17D62ECDA937,KGZ,KGZ,Kyrgyzstan,NULL,NULL,0,Member state,417,CEE/CIS,74.555493,41.46490717,NULL,Kyrgyzstan
1575,WPRO,KH,CAMBODIA,KH001000000000000000,00:00.0,00:00.0,752BBF3C-E667-405F-A381-64DC3D7250E9,KHM,CAM,Cambodia,NULL,NULL,0,Member state,116,EAPRO,104.9212396,12.71402994,NULL,Cambodia
1576,WPRO,KI,KIRIBATI,KI001000000000000000,00:00.0,00:00.0,1B0A13B6-BB1C-4729-B1D1-DFE49D7FF214,KIR,KIR,Kiribati,NULL,NULL,0,Member state,296,EAPRO,173.156,1.368,Coordinates were introduced manually,Kiribati
1577,AMRO,KN,SAINT KITTS AND NEVIS,KN001000000000000000,00:00.0,00:00.0,F6334680-79C9-450C-BDDB-95FACB6AF2B9,KNA,SCN,Saint Kitts and Nevis,NULL,NULL,0,Member state,659,TACRO,-62.69617397,17.26585656,NULL,Saint Kitts and Nevis
1578,WPRO,KR,REPUBLIC OF KOREA,KR001000000000000000,00:00.0,00:00.0,8D331366-4BC7-4313-8E11-DEA0054E7AD4,KOR,KOR,Republic of Korea,NULL,NULL,0,Member state,410,EAPRO,127.8293439,36.36770228,NULL,Republic of Korea
1579,EMRO,KW,KUWAIT,KW001000000000000000,00:00.0,00:00.0,3B548CA2-357E-4C78-B4B8-9ED0205E0D29,KWT,KUW,Kuwait,NULL,NULL,0,Member state,414,MENA,47.59355128,29.34250906,NULL,Kuwait
1580,WPRO,LA,LAO PEOPLE'S DEMOCRATIC REPUBLIC,LA001000000000000000,00:00.0,00:00.0,AB453840-EB7A-431C-B52F-E79D58DF4850,LAO,LAO,Lao People's Democratic Republic,NULL,NULL,0,Member state,418,EAPRO,103.7634056,18.50245057,NULL,Lao People's Democratic Republic
1581,EMRO,LB,LEBANON,LB001000000000000000,00:00.0,00:00.0,3611AFE5-E2E8-4576-AA04-E9516C701991,LBN,LEB,Lebanon,NULL,NULL,0,Member state,422,MENA,35.88806123,33.92039304,NULL,Lebanon
1582,AFRO,LR,LIBERIA,LR001000000000000000,00:00.0,00:00.0,78DBDF5D-226B-4BE4-B853-5A58D9DA21A6,LBR,LIB,Liberia,NULL,NULL,0,Member state,430,WCARO,-9.30784656,6.44811846,NULL,Liberia
1583,EMRO,LY,LIBYA,LY001000000000000000,00:00.0,00:00.0,767C2628-8079-4EBA-8899-55F29CFAFB83,LBY,LIY,Libya,NULL,NULL,0,Member state,434,MENA,18.02318627,27.04404524,NULL,Libya
1584,AMRO,LC,SAINT LUCIA,LC001000000000000000,00:00.0,00:00.0,4F023367-6B34-4F1F-9570-0A3FB3983CA5,LCA,SAL,Saint Lucia,NULL,NULL,0,Member state,662,TACRO,-60.96869084,13.89811518,NULL,Saint Lucia
1585,EURO,LI,LIECHTENSTEIN,LI001000000000000000,00:00.0,00:00.0,8B38ED63-F4BF-4683-96B5-E8C2EB7BD7E7,LIE,LIE,Liechtenstein,NULL,NULL,0,Not a Member State of WHO,438,Undefined,9.55526493,47.15259548,NULL,Liechtenstein
1586,SEARO,LK,SRI LANKA,LK001000000000000000,00:00.0,00:00.0,12D0A30E-4C87-4A62-B124-C751E10CACAC,LKA,SRL,Sri Lanka,NULL,NULL,0,Member state,144,ROSA,80.70426262,7.61236243,NULL,Sri Lanka
1587,AFRO,LS,LESOTHO,LS001000000000000000,00:00.0,00:00.0,271C356C-E226-417C-B25F-B2FE1D697158,LSO,LES,Lesotho,NULL,NULL,0,Member state,426,ESARO,28.24284034,-29.58100795,NULL,Lesotho
1588,EURO,LT,LITHUANIA,LT001000000000000000,00:00.0,00:00.0,9DEDCB14-A08F-4F9C-9248-F3E734FE9026,LTU,LTU,Lithuania,NULL,NULL,0,Member state,440,Undefined,23.89683075,55.33585013,NULL,Lithuania
1589,EURO,LU,LUXEMBOURG,LU001000000000000000,00:00.0,00:00.0,05241EDC-00FD-47EC-BA71-800DBF3F853D,LUX,LUX,Luxembourg,NULL,NULL,0,Member state,442,Undefined,6.08754416,49.77096396,NULL,Luxembourg
1590,EURO,LV,LATVIA,LV001000000000000000,00:00.0,00:00.0,0C31644B-8D04-4F24-ACA0-D49B0523A771,LVA,LVA,Latvia,NULL,NULL,0,Member state,428,Undefined,24.92915332,56.85766939,NULL,Latvia
1591,AMRO,MF,SAINT MARTIN,MF001000000000000000,00:00.0,00:00.0,17C12AB2-0C7D-412B-B525-3F740CBC3E6C,MAF,MAF,France,NULL,NULL,0,Other,663,Undefined,-63.06457229,18.0876049,Saint Martin and Saint Barthélemy were separed from Guadeloupe in 2003,Saint Martin
1592,EMRO,MA,MOROCCO,MA001000000000000000,00:00.0,00:00.0,8B881B86-2B79-4D8D-992D-01D939E1CDB9,MAR,MOR,Morocco,NULL,NULL,0,Member state,504,MENA,-6.31780295,31.88355697,NULL,Morocco
1593,EURO,MC,MONACO,MC001000000000000000,00:00.0,00:00.0,AC716D7E-26D7-46D8-A1A2-4222F42042F3,MCO,MON,Monaco,NULL,NULL,0,Member state,492,Undefined,7.41201715,43.75034615,NULL,Monaco
1594,EURO,MD,REPUBLIC OF MOLDOVA,MD001000000000000000,00:00.0,00:00.0,2E685FB5-826D-4CDA-8F11-AB4E215115C8,MDA,MDA,Republic of Moldova,NULL,NULL,0,Member state,498,CEE/CIS,28.47434317,47.19332561,NULL,Republic of Moldova
1595,AFRO,MG,MADAGASCAR,MG001000000000000000,00:00.0,00:00.0,820B442D-B7ED-4C39-AB5A-51B0BABBEECF,MDG,MAD,Madagascar,NULL,NULL,0,Member state,450,ESARO,46.70599248,-19.37352133,NULL,Madagascar
1596,SEARO,MV,MALDIVES,MV001000000000000000,00:00.0,00:00.0,65914A49-5435-4CDA-B916-F9EE5E14147B,MDV,MAV,Maldives,NULL,NULL,0,Member state,462,ROSA,73.25178478,3.37481932,NULL,Maldives
1597,AMRO,MX,MEXICO,MX001000000000000000,00:00.0,00:00.0,6C394D8D-8ACC-4369-A7EE-C367DC533FDF,MEX,MEX,Mexico,NULL,NULL,0,Member state,484,TACRO,-102.5349909,23.95092841,NULL,Mexico
1598,WPRO,MH,MARSHALL ISLANDS,MH001000000000000000,00:00.0,00:00.0,60B83F87-41B9-4E8C-925D-97614AEA52AC,MHL,MSI,Marshall Islands,NULL,NULL,0,Member state,584,EAPRO,168.6103942,8.42167996,NULL,Marshall Islands
1599,EURO,MK,NORTH MACEDONIA,MK001000000000000000,00:00.0,00:00.0,3E3320E9-1F0D-44FB-9CA7-59FCB032F585,MKD,MKD,North Macedonia,NULL,NULL,0,Member state,807,CEE/CIS,21.6991485,41.59922075,The former Yugoslav Republic of Macedonia,North Macedonia
1600,AFRO,ML,MALI,ML001000000000000000,00:00.0,00:00.0,77642364-9B1B-46C8-AAF4-D9FFD8F62712,MLI,MAI,Mali,NULL,NULL,0,Member state,466,WCARO,-3.52433672,17.35036933,NULL,Mali
1601,EURO,MT,MALTA,MT001000000000000000,00:00.0,00:00.0,FBAFB313-9BE5-49CC-9633-26C40E77D9D9,MLT,MAT,Malta,NULL,NULL,0,Member state,470,Undefined,14.40457358,35.92036651,NULL,Malta
1602,SEARO,MM,MYANMAR,MM001000000000000000,00:00.0,00:00.0,A8C48537-A6EE-4D80-83F8-B3DDA8858D94,MMR,MMR,Myanmar,NULL,NULL,0,Member state,104,EAPRO,96.50868206,21.14009536,NULL,Myanmar
1603,EURO,ME,MONTENEGRO,ME001000000000000000,00:00.0,00:00.0,09650EF3-8793-4A1F-B8A2-B6C1DA8C2BEF,MNE,MNE,Montenegro,NULL,NULL,0,Member state,0,Undefined,19.26458919,42.79659203,NULL,Montenegro
1604,WPRO,MN,MONGOLIA,MN001000000000000000,00:00.0,00:00.0,62C58DFF-1D74-40B7-8BB4-FB2D4EA17224,MNG,MOG,Mongolia,NULL,NULL,0,Member state,496,EAPRO,103.0830311,46.83520872,NULL,Mongolia
1605,WPRO,MP,"NORTHERN MARIANA ISLANDS, COMMONWEALTH OF THE",MP001000000000000000,00:00.0,00:00.0,B6207B55-8D8B-4599-9EA6-714CAD3BE598,MNP,NMI,United States of America,NULL,NULL,0,Other,580,Undefined,145.5878321,16.25570464,NULL,Northern Mariana Islands (Commonwealth of the)
1606,AFRO,MZ,MOZAMBIQUE,MZ001000000000000000,00:00.0,00:00.0,B09A5BF6-36D9-4ABD-9D4A-793639AC9457,MOZ,MOZ,Mozambique,NULL,NULL,0,Member state,508,ESARO,35.55226053,-17.26019392,NULL,Mozambique
1607,AFRO,MR,MAURITANIA,MR001000000000000000,00:00.0,00:00.0,C2AA3415-B740-47F3-8ABC-C5CCBB14D5B0,MRT,MAU,Mauritania,NULL,NULL,0,Member state,478,WCARO,-10.33226041,20.25990361,NULL,Mauritania
1608,AMRO,MS,MONTSERRAT,MS001000000000000000,00:00.0,00:00.0,9A351F16-F468-4E6A-925E-03DB8FBD4BA7,MSR,MOT,United Kingdom of Great Britain and Northern Ireland,NULL,NULL,0,Other,500,TACRO,-62.18692145,16.73575969,NULL,Montserrat
1609,AMRO,MQ,MARTINIQUE,MQ001000000000000000,00:00.0,00:00.0,91FE4643-E623-462D-A9AE-D704C5EA52C1,MTQ,MAR,France,NULL,NULL,0,Other,474,Undefined,-61.02147382,14.65277419,NULL,Martinique
1610,AFRO,MU,MAURITIUS,MU001000000000000000,00:00.0,00:00.0,2094FFFC-8AF7-4E5E-8BCD-176608114177,MUS,MAS,Mauritius,NULL,NULL,0,Member state,480,ESARO,57.868476,-20.1700678,NULL,Mauritius
1611,AFRO,MW,MALAWI,MW001000000000000000,00:00.0,00:00.0,895071FB-8240-4B2D-BFAC-A51F8243D620,MWI,MAL,Malawi,NULL,NULL,0,Member state,454,ESARO,34.30698504,-13.21510424,NULL,Malawi
1612,WPRO,MY,MALAYSIA,MY001000000000000000,00:00.0,00:00.0,305E146D-EFA9-43E5-A000-688BEF88A933,MYS,MAA,Malaysia,NULL,NULL,0,Member state,458,EAPRO,109.7115743,3.79382045,NULL,Malaysia
1613,AFRO,YT,MAYOTTE,YT001000000000000000,00:00.0,00:00.0,54C780EC-3AA8-442E-987F-6589116A3F57,MYT,MTE,France,NULL,NULL,0,Other,0,Undefined,45.13926174,-12.81835006,NULL,Mayotte
1614,AFRO,NA,NAMIBIA,NA001000000000000000,00:00.0,00:00.0,60026C01-D644-439E-BEDA-EC2C280304A7,NAM,NAM,Namibia,NULL,NULL,0,Member state,516,ESARO,17.21845028,-22.13329329,NULL,Namibia
1615,WPRO,NC,NEW CALEDONIA,NC001000000000000000,00:00.0,00:00.0,0C2ACF2B-A803-4FDB-AF96-DD5EBA270BD3,NCL,NEC,France,NULL,NULL,0,Other,540,Undefined,165.6718498,-21.29461419,NULL,New Caledonia
1616,AFRO,NE,NIGER,NE001000000000000000,00:00.0,00:00.0,BB6DA46B-2209-45C4-B51A-FB815B957EEE,NER,NIG,Niger,NULL,NULL,0,Member state,562,WCARO,9.39765754,17.42632282,NULL,Niger
1617,WPRO,NF,NORFOLK ISLAND,NF001000000000000000,00:00.0,00:00.0,1459470B-4674-4490-A408-CE4D64A7841A,NFK,NFK,Australia,NULL,NULL,0,Other,574,Undefined,167.9528661,-29.03719883,NULL,Norfolk Island
1618,AFRO,NG,NIGERIA,NG001000000000000000,00:00.0,00:00.0,3EBA1F03-98D4-4335-804E-6C3F9E7D5DA1,NGA,NIE,Nigeria,NULL,NULL,0,Member state,566,WCARO,8.10527726,9.59360399,NULL,Nigeria
1619,AMRO,NI,NICARAGUA,NI001000000000000000,00:00.0,00:00.0,85203B89-A328-4D85-B6E4-C9596A5C5A6F,NIC,NIC,Nicaragua,NULL,NULL,0,Member state,558,TACRO,-85.03375025,12.84006976,NULL,Nicaragua
1620,WPRO,NU,NIUE,NU001000000000000000,00:00.0,00:00.0,A088E8F4-6524-4037-8CA6-EC8712515FD5,NIU,NIU,New Zealand,NULL,NULL,0,Member state,570,EAPRO,-169.8685868,-19.05190358,NULL,Niue
1621,EURO,NL,NETHERLANDS,NL001000000000000000,00:00.0,00:00.0,F4139DD7-53A2-45A3-8E8C-C82B9323A391,NLD,NET,Netherlands,NULL,NULL,0,Member state,528,Undefined,5.60099776,52.2535763,NULL,Netherlands
1622,EURO,NO,NORWAY,NO001000000000000000,00:00.0,00:00.0,82EFBA96-E610-4592-A329-95D7C3A57B4F,NOR,NOR,Norway,NULL,NULL,0,Member state,578,Undefined,14.07508911,64.44784887,NULL,Norway
1623,SEARO,NP,NEPAL,NP001000000000000000,00:00.0,00:00.0,DA7D5887-EE15-421C-8AD9-B785996B0536,NPL,NEP,Nepal,NULL,NULL,0,Member state,524,ROSA,83.93851707,28.25300785,NULL,Nepal
1624,WPRO,NR,NAURU,NR001000000000000000,00:00.0,00:00.0,C23E579B-9082-485F-B79D-A727C7D212B8,NRU,NRU,Nauru,NULL,NULL,0,Member state,520,EAPRO,166.9300834,-0.52207331,NULL,Nauru
1625,WPRO,NZ,NEW ZEALAND,NZ001000000000000000,00:00.0,00:00.0,4B1C43E1-AE35-4D9A-9CC7-86B92722C762,NZL,NEZ,New Zealand,NULL,NULL,0,Member state,554,Undefined,171.6039713,-41.83710689,NULL,New Zealand
1626,EMRO,OM,OMAN,OM001000000000000000,00:00.0,00:00.0,5585E0A1-3071-45DD-9B00-1D4C91CB2C36,OMN,OMA,Oman,NULL,NULL,0,Member state,512,MENA,56.10981747,20.60208368,NULL,Oman
1627,EMRO,PK,PAKISTAN,PK001000000000000000,00:00.0,00:00.0,30EE6F01-1785-4ECB-B194-BA3BECF5FD33,PAK,PAK,Pakistan,NULL,NULL,0,Member state,586,ROSA,69.38581881,29.96678898,NULL,Pakistan
1628,AMRO,PA,PANAMA,PA001000000000000000,00:00.0,00:00.0,91321513-FA2A-4CF9-A076-9B4E7D336306,PAN,PAN,Panama,NULL,NULL,0,Member state,591,TACRO,-80.10906884,8.50544318,NULL,Panama
1629,WPRO,PN,PITCAIRN ISLANDS,PN001000000000000000,00:00.0,00:00.0,CD2010DA-A5BB-4663-AD5B-B41C2091EB42,PCN,PCN,United Kingdom of Great Britain and Northern Ireland,NULL,NULL,0,Other,612,Undefined,-128.44279,-24.505797,NULL,Pitcairn Islands
1630,AMRO,PE,PERU,PE001000000000000000,00:00.0,00:00.0,AEC1089A-A796-4CCB-BBA0-BFFDE1EDA7EE,PER,PER,Peru,NULL,NULL,0,Member state,604,TACRO,-74.37540668,-9.16377133,NULL,Peru
1631,WPRO,PH,PHILIPPINES,PH001000000000000000,00:00.0,00:00.0,73F7C9BF-EBF4-48DD-B4A8-CE2005C7B2FD,PHL,PHL,Philippines,NULL,NULL,0,Member state,608,EAPRO,122.8736074,11.74740203,NULL,Philippines
1632,WPRO,PW,PALAU,PW001000000000000000,00:00.0,00:00.0,CCD80EF5-FDB3-42D1-A9EB-7609FF244595,PLW,BLA,Palau,NULL,NULL,0,Member state,585,EAPRO,134.4839158,7.3881454,NULL,Palau
1633,EURO,PL,POLAND,PL001000000000000000,00:00.0,00:00.0,1C04CB3C-08F6-47A3-BB42-DD9DA35E226C,POL,POL,Poland,NULL,NULL,0,Member state,616,Undefined,19.40092017,52.12472405,NULL,Poland
1634,AMRO,PR,PUERTO RICO,PR001000000000000000,00:00.0,00:00.0,D6D8A819-DF69-4D1D-9773-210DAEE6FA94,PRI,PUR,United States of America,NULL,NULL,0,Associate member,630,Undefined,-66.46612748,18.22093074,NULL,Puerto Rico
1635,SEARO,KP,DEMOCRATIC PEOPLE'S REPUBLIC OF KOREA,KP001000000000000000,00:00.0,00:00.0,24DBF602-B192-4A53-915B-82FDF61BD42A,PRK,KRD,Democratic People's Republic of Korea,NULL,NULL,0,Member state,408,EAPRO,127.1805338,40.14284868,NULL,Democratic People's Republic of Korea
1636,EURO,PT,PORTUGAL,PT001000000000000000,00:00.0,00:00.0,48A4E6F7-F991-43B0-A27C-22D79E1A36BD,PRT,POR,Portugal,NULL,NULL,0,Member state,620,Undefined,-8.46736074,39.60269511,NULL,Portugal
1637,AMRO,PY,PARAGUAY,PY001000000000000000,00:00.0,00:00.0,7E78B4F3-D231-444C-A8AB-C82373666A3F,PRY,PAR,Paraguay,NULL,NULL,0,Member state,600,TACRO,-58.39095178,-23.23612887,NULL,Paraguay
1638,EMRO,PS,WEST BANK AND GAZA STRIP,PS001000000000000000,00:00.0,00:00.0,34239BE2-E939-4309-B18D-36CC81EF3230,PSE,WBG,West Bank and Gaza Strip,NULL,NULL,0,Other,0,MENA,35.20376878,31.91395114,NULL,Occupied Palestinian Territory
1639,WPRO,PF,FRENCH POLYNESIA,PF001000000000000000,00:00.0,00:00.0,5B4D9703-49BB-40F3-8F1A-426055D3630E,PYF,FRP,France,NULL,NULL,0,Other,258,Undefined,-149.568,-17.532,The coordinates were introduced manually  ,French Polynesia
1640,EMRO,QA,QATAR,QA001000000000000000,00:00.0,00:00.0,D5C3FDC5-6328-4DC7-A12C-27F168944D11,QAT,QAT,Qatar,NULL,NULL,0,Member state,634,MENA,51.19120083,25.31580997,NULL,Qatar
1641,AFRO,RE,RÉUNION,RE001000000000000000,00:00.0,00:00.0,BE01A35A-EA31-4453-BB23-5A01330A658F,REU,REU,France,NULL,NULL,0,Other,638,Undefined,55.53821274,-21.12162946,NULL,Réunion
1642,EURO,RO,ROMANIA,RO001000000000000000,00:00.0,00:00.0,26EAED41-B340-4F38-90E3-9392E04420C6,ROU,ROM,Romania,NULL,NULL,0,Member state,642,CEE/CIS,24.96990758,45.84360558,NULL,Romania
1643,EURO,RU,RUSSIAN FEDERATION,RU001000000000000000,00:00.0,00:00.0,58AFB040-3A74-491B-809D-00B145C55577,RUS,RUS,Russian Federation,NULL,NULL,0,Member state,643,CEE/CIS,96.68944215,61.9882456,NULL,Russian Federation
1644,AFRO,RW,RWANDA,RW001000000000000000,00:00.0,00:00.0,895EA23F-DBCD-467F-BF1E-54AA4D3F2C45,RWA,RWA,Rwanda,NULL,NULL,0,Member state,646,ESARO,29.91720553,-1.99796798,NULL,Rwanda
1645,EMRO,SA,SAUDI ARABIA,SA001000000000000000,00:00.0,00:00.0,FA5A7F77-0DCA-4F91-9571-3B8A44607F74,SAU,SAA,Saudi Arabia,NULL,NULL,0,Member state,682,MENA,44.57044965,24.08088192,NULL,Saudi Arabia
1647,EMRO,SD,SUDAN,SD002000000000000000,00:00.0,00:00.0,3050873E-F010-4C4F-82D1-541E3C4FD887,SDN,SUD,Sudan,NULL,NULL,0,Member state,0,MENA,30.00438135,16.04883821,NULL,Sudan
1648,AFRO,SN,SENEGAL,SN001000000000000000,00:00.0,00:00.0,08ACDF4E-CC04-46D9-B4C1-75F6EF39B685,SEN,SEN,Senegal,NULL,NULL,0,Member state,686,WCARO,-14.46817708,14.36697954,NULL,Senegal
1649,WPRO,SG,SINGAPORE,SG001000000000000000,00:00.0,00:00.0,F701475B-B12E-4647-8747-5F066797615A,SGP,SIN,Singapore,NULL,NULL,0,Member state,702,EAPRO,103.8076536,1.35118038,NULL,Singapore
1650,AFRO,SH,SAINT HELENA,SH001000000000000000,00:00.0,00:00.0,6629C999-82B3-450E-8C99-48AA07352C2F,SHN,SAH,United Kingdom of Great Britain and Northern Ireland,NULL,NULL,0,Other,654,Undefined,-10.20560378,-25.07251316,NULL,Saint Helena
1651,EURO,SJ,SVALBARD AND JAN MAYEN ISLANDS,SJ001000000000000000,00:00.0,00:00.0,759A59D6-C045-4DC3-B2DB-90E297F473BF,SJM,SJM,Norway,NULL,NULL,0,Other,744,Undefined,18.37439734,78.82964197,NULL,Svalbard and Jan Mayen Islands
1652,WPRO,SB,SOLOMON ISLANDS,SB001000000000000000,00:00.0,00:00.0,2439C55F-85A8-4032-B53D-B9007A76A0A0,SLB,SOL,Solomon Islands,NULL,NULL,0,Member state,90,EAPRO,159.6127556,-8.90427701,NULL,Solomon Islands
1653,AFRO,SL,SIERRA LEONE,SL001000000000000000,00:00.0,00:00.0,E1CD65EA-4261-4A92-A8AF-1709465C2CD3,SLE,SIL,Sierra Leone,NULL,NULL,0,Member state,694,WCARO,-11.7921029,8.56034092,NULL,Sierra Leone
1654,AMRO,SV,EL SALVADOR,SV001000000000000000,00:00.0,00:00.0,FA42353F-8656-4BC4-8EF4-19BA8A07848C,SLV,ELS,El Salvador,NULL,NULL,0,Member state,222,TACRO,-88.86560674,13.73614532,NULL,El Salvador
1655,EURO,SM,SAN MARINO,SM001000000000000000,00:00.0,00:00.0,1E7562C6-655A-4A6D-879F-7F80FF842B20,SMR,SMR,San Marino,NULL,NULL,0,Member state,674,Undefined,12.46035762,43.94191474,NULL,San Marino
1656,EMRO,SO,SOMALIA,SO001000000000000000,00:00.0,00:00.0,B5FF48B9-7282-445C-8CD2-BEFCE4E0BDA7,SOM,SOM,Somalia,NULL,NULL,0,Member state,706,ESARO,45.86255927,6.0637135,NULL,Somalia
1657,AMRO,PM,SAINT PIERRE AND MIQUELON,PM001000000000000000,00:00.0,00:00.0,EF9F1B0A-D00D-42F4-BF41-4899075B3247,SPM,SPM,France,NULL,NULL,0,Other,666,Undefined,-56.30527649,46.92888261,NULL,Saint Pierre and Miquelon
1658,EURO,RS,SERBIA,RS001000000000000000,00:00.0,00:00.0,C2A1295D-39BF-42FA-89ED-CADEE2EA50C0,SRB,SRB,Serbia,NULL,NULL,0,Member state,0,CEE/CIS,20.81133086,44.03387222,NULL,Serbia
1659,AFRO,SS,SOUTH SUDAN,SS001000000000000000,00:00.0,00:00.0,322068A7-B312-4393-B5D1-FE2DC7A5C78A,SSD,SSD,South Sudan,NULL,NULL,0,Member state,728,ESARO,30.34067655,7.27961187,NULL,South Sudan
1660,AFRO,ST,SAO TOME AND PRINCIPE,ST001000000000000000,00:00.0,00:00.0,8D36D705-3E3E-412E-A13B-1EE158A07C36,STP,STP,Sao Tome and Principe,NULL,NULL,0,Member state,678,WCARO,6.73729084,0.45825363,NULL,Sao Tome and Principe
1661,AMRO,SR,SURINAME,SR001000000000000000,00:00.0,00:00.0,33662FCB-6959-4784-A877-29E3781477C2,SUR,SUR,Suriname,NULL,NULL,0,Member state,740,TACRO,-55.91158124,4.12671321,NULL,Suriname
1662,EURO,SK,SLOVAKIA,SK001000000000000000,00:00.0,00:00.0,7EC96AD8-A352-4125-AF49-B14E8CB9876B,SVK,SVK,Slovakia,NULL,NULL,0,Member state,703,Undefined,19.49145028,48.7073588,NULL,Slovakia
1663,EURO,SI,SLOVENIA,SI001000000000000000,00:00.0,00:00.0,A1F8BEC8-8628-4E46-9C7E-238A386177B5,SVN,SVN,Slovenia,NULL,NULL,0,Member state,705,Undefined,14.82707444,46.12355026,NULL,Slovenia
1664,EURO,SE,SWEDEN,SE001000000000000000,00:00.0,00:00.0,35EC511A-2E1C-4483-A917-1F67A1342382,SWE,SWE,Sweden,NULL,NULL,0,Member state,752,Undefined,16.74115526,62.78774226,NULL,Sweden
1665,AFRO,SZ,ESWATINI,SZ001000000000000000,00:00.0,00:00.0,393F6615-8C13-42CA-9BDD-1594735CBDCF,SWZ,SWZ,Eswatini,NULL,NULL,0,Member state,748,ESARO,31.4971888,-26.56211674,Formerly SWAZILAND,Eswatini
1666,AMRO,SX,SINT MAARTEN,SX001000000000000000,00:00.0,00:00.0,7974E7A0-7846-4685-946A-DA7F5315015D,SXM,SXM,Netherlands,NULL,NULL,0,Other,534,Undefined,-63.06194338,18.04683524,Sint Maarten was separated from Netherlands Antilles in 2010,Sint Maarten
1667,AFRO,SC,SEYCHELLES,SC001000000000000000,00:00.0,00:00.0,17E46D71-5BC2-479C-8D3A-0D966592AC32,SYC,SEY,Seychelles,NULL,NULL,0,Member state,690,ESARO,52.23005901,-6.39906405,NULL,Seychelles
1668,EMRO,SY,SYRIAN ARAB REPUBLIC,SY001000000000000000,00:00.0,00:00.0,CC57A348-8512-41F0-A924-29BCE5E06948,SYR,SYR,Syrian Arab Republic,NULL,NULL,0,Member state,760,MENA,38.50584744,35.01307272,NULL,Syrian Arab Republic
1669,AMRO,TC,TURKS AND CAICOS ISLANDS,TC001000000000000000,00:00.0,00:00.0,370668BF-3302-4CB1-928D-261A3FDD09EE,TCA,TCA,United Kingdom of Great Britain and Northern Ireland,NULL,NULL,0,Other,796,TACRO,-71.88207917,21.80869292,NULL,Turks and Caicos Islands
1670,AFRO,TD,CHAD,TD001000000000000000,00:00.0,00:00.0,AEF0E5A2-D0CB-4074-82C0-39F932BD297A,TCD,CHA,Chad,NULL,NULL,0,Member state,148,WCARO,18.66460339,15.3611457,NULL,Chad
1671,AFRO,TG,TOGO,TG001000000000000000,00:00.0,00:00.0,19B27A13-B30B-4A0A-B085-084CDDF5DB4B,TGO,TOG,Togo,NULL,NULL,0,Member state,768,WCARO,0.97584596,8.53491037,NULL,Togo
1672,SEARO,TH,THAILAND,TH001000000000000000,00:00.0,00:00.0,3D1F17D7-1553-476A-A8D8-62DCD54D4779,THA,THA,Thailand,NULL,NULL,0,Member state,764,EAPRO,101.0149078,15.11989876,NULL,Thailand
1673,EURO,TJ,TAJIKISTAN,TJ001000000000000000,00:00.0,00:00.0,501CDA03-73EC-4A9F-8245-65A50AA0FA4D,TJK,TJK,Tajikistan,NULL,NULL,0,Member state,762,CEE/CIS,71.04218063,38.52781756,NULL,Tajikistan
1674,WPRO,TK,TOKELAU,TK001000000000000000,00:00.0,00:00.0,276C834B-66B6-445C-AEE1-C0AA8F08BE19,TKL,TOK,New Zealand,NULL,NULL,0,Associate member,772,EAPRO,-171.8321965,-9.08691012,NULL,Tokelau
1675,EURO,TM,TURKMENISTAN,TM001000000000000000,00:00.0,00:00.0,844C28BA-E3D1-4849-BAB2-B2F622AE5C3C,TKM,TKM,Turkmenistan,NULL,NULL,0,Member state,795,CEE/CIS,59.3835262,39.12221813,NULL,Turkmenistan
1676,SEARO,TL,TIMOR-LESTE,TL001000000000000000,00:00.0,00:00.0,57ACEE0B-5CC0-45D5-B65C-1D928AC08D16,TLS,TLS,Timor-Leste,NULL,NULL,0,Member state,626,EAPRO,125.8609961,-8.82052123,NULL,Timor-Leste
1677,WPRO,TO,TONGA,TO001000000000000000,00:00.0,00:00.0,AE25A35E-5747-4861-8E19-848D3D5C359D,TON,TON,Tonga,NULL,NULL,0,Member state,776,EAPRO,-175.22,-21.14,The coordinates were introduced manually,Tonga
1678,AMRO,TT,TRINIDAD AND TOBAGO,TT001000000000000000,00:00.0,00:00.0,F78FA74A-5F4E-4E3D-870E-AAD4AC4FCC6C,TTO,TRT,Trinidad and Tobago,NULL,NULL,0,Member state,780,TACRO,-61.25263722,10.46836429,NULL,Trinidad and Tobago
1679,EMRO,TN,TUNISIA,TN001000000000000000,00:00.0,00:00.0,9E2FE46A-7ED9-4EDA-9A6D-91DFB3D70D34,TUN,TUN,Tunisia,NULL,NULL,0,Member state,788,MENA,9.56156142,34.11124917,NULL,Tunisia
1680,EURO,TR,TURKEY,TR001000000000000000,00:00.0,00:00.0,A135AD5A-5F50-44C3-BCCA-18554926127A,TUR,TUR,Turkey,NULL,NULL,0,Member state,792,CEE/CIS,35.17921811,39.06061856,NULL,Turkey
1681,WPRO,TV,TUVALU,TV001000000000000000,00:00.0,00:00.0,1D149810-9F54-4C78-87B7-90AE0D3CEBE4,TUV,TUV,Tuvalu,NULL,NULL,0,Member state,798,EAPRO,178.2011102,-7.58736,NULL,Tuvalu
1682,AFRO,TZ,UNITED REPUBLIC OF TANZANIA,TZ001000000000000000,00:00.0,00:00.0,A09FDA23-B91A-49E4-BA7D-02CB8540B936,TZA,TAN,United Republic of Tanzania,NULL,NULL,0,Member state,834,ESARO,34.82340201,-6.27019905,NULL,United Republic of Tanzania
1683,AFRO,UG,UGANDA,UG001000000000000000,00:00.0,00:00.0,1BE45E1A-DFCD-4B79-870D-92166CF43E82,UGA,UGA,Uganda,NULL,NULL,0,Member state,800,ESARO,32.38622999,1.28008463,NULL,Uganda
1684,EURO,UA,UKRAINE,UA001000000000000000,00:00.0,00:00.0,95185552-2B03-429C-8EFB-C5779D556529,UKR,UKR,Ukraine,NULL,NULL,0,Member state,804,CEE/CIS,31.38784552,49.01609429,NULL,Ukraine
1685,AMRO,UY,URUGUAY,UY001000000000000000,00:00.0,00:00.0,6C459166-4E08-4AB6-8ADA-B4509DBC38D8,URY,URU,Uruguay,NULL,NULL,0,Member state,858,TACRO,-56.01217362,-32.79956992,NULL,Uruguay
1686,AMRO,US,UNITED STATES OF AMERICA,US001000000000000000,00:00.0,00:00.0,686F0DA6-9025-4EB1-8F95-B164936CE382,USA,USA,United States of America,NULL,NULL,0,Member state,840,Undefined,-112.4935645,45.6954816,NULL,United States of America
1687,EURO,UZ,UZBEKISTAN,UZ001000000000000000,00:00.0,00:00.0,6041DD4D-0F77-4E28-8D46-CC9AFC8DBF9A,UZB,UZB,Uzbekistan,NULL,NULL,0,Member state,860,CEE/CIS,63.16950578,41.75041661,NULL,Uzbekistan
1688,EURO,VA,HOLY SEE,VA001000000000000000,00:00.0,00:00.0,38144504-0224-4815-A545-5C8D34BB44D8,VAT,VAT,Holy See,NULL,NULL,0,Not a Member State of WHO,336,Undefined,12.48571114,41.89324195,NULL,Holy See
1689,AMRO,VC,SAINT VINCENT AND THE GRENADINES,VC001000000000000000,00:00.0,00:00.0,E0DE017E-24EC-454F-AEE3-57443DE5B7D2,VCT,SAV,Saint Vincent and the Grenadines,NULL,NULL,0,Member state,670,TACRO,-61.20753009,13.20205468,NULL,Saint Vincent and the Grenadines
1690,AMRO,VE,VENEZUELA (BOLIVARIAN REPUBLIC OF),VE001000000000000000,00:00.0,00:00.0,64A39A4B-9812-43F6-861E-D1F31045ACED,VEN,VEN,Venezuela (Bolivarian Republic of),NULL,NULL,0,Member state,862,TACRO,-66.16621515,7.12493711,NULL,Venezuela (Bolivarian Republic of)
1691,AMRO,VG,BRITISH VIRGIN ISLANDS,VG001000000000000000,00:00.0,00:00.0,81EB8A93-1C6F-46A7-8927-543258B1B974,VGB,VIB,United Kingdom of Great Britain and Northern Ireland,NULL,NULL,0,Other,92,TACRO,-64.48189201,18.50995704,NULL,British Virgin Islands
1692,AMRO,VI,UNITED STATES VIRGIN ISLANDS,VI001000000000000000,00:00.0,00:00.0,446C32B0-82A6-46A6-896D-731014DA7E78,VIR,VUS,United States of America,NULL,NULL,0,Other,850,Undefined,-64.78692721,17.9678899,NULL,United States Virgin Islands
1693,WPRO,VN,VIET NAM,VN001000000000000000,00:00.0,00:00.0,7306CCBF-F0EE-4F1B-8C7E-516065FE2AE1,VNM,VTN,Viet Nam,NULL,NULL,0,Member state,704,EAPRO,106.3040353,16.65160342,NULL,Viet Nam
1694,WPRO,VU,VANUATU,VU001000000000000000,00:00.0,00:00.0,64E91F81-B1A7-46D1-8127-FDFAA23495BF,VUT,VAN,Vanuatu,NULL,NULL,0,Member state,548,EAPRO,167.7055728,-16.20215409,NULL,Vanuatu
1695,WPRO,WF,WALLIS AND FUTUNA,WF001000000000000000,00:00.0,00:00.0,5F5B4B62-DE2C-4F06-8AB1-6A9974662FAA,WLF,WAF,France,NULL,NULL,0,Other,876,Undefined,-177.1439709,-13.78426596,NULL,Wallis and Futuna
1696,WPRO,WS,SAMOA,WS001000000000000000,00:00.0,00:00.0,09E347C5-0C8E-47CC-B4A1-CA5C12AC1F4C,WSM,SMA,Samoa,NULL,NULL,0,Member state,882,EAPRO,-171.767,-13.832,The coordinates were introduced manually  ,Samoa
1697,EMRO,YE,YEMEN,YE001000000000000000,00:00.0,00:00.0,73D15D0E-13ED-4D44-B3ED-825A6E2C0605,YEM,YEM,Yemen,NULL,NULL,0,Member state,887,MENA,47.58223641,15.8386485,NULL,Yemen
1698,AFRO,ZA,SOUTH AFRICA,ZA001000000000000000,00:00.0,00:00.0,36A8FA2C-5B69-47E3-BAC8-DC657E44DE43,ZAF,SOA,South Africa,NULL,NULL,0,Member state,710,ESARO,25.08871199,-28.99321352,NULL,South Africa
1699,AFRO,ZM,ZAMBIA,ZM001000000000000000,00:00.0,00:00.0,125935A9-188D-4B78-86A8-FFBF546077E0,ZMB,ZAM,Zambia,NULL,NULL,0,Member state,894,ESARO,27.79788004,-13.45307543,NULL,Zambia
1700,AFRO,ZW,ZIMBABWE,ZW001000000000000000,00:00.0,00:00.0,A125FC97-ACBD-43F1-ADD2-1E5D11D2570A,ZWE,ZIM,Zimbabwe,NULL,NULL,0,Member state,716,ESARO,29.87175983,-19.00000577,NULL,Zimbabwe
1701,AFRO,CD,DEMOCRATIC REPUBLIC OF THE CONGO,CD001000000000000000,00:00.0,00:00.0,39CF5EDD-97D7-4D13-A724-A5D098782320,COD,COD,Democratic Republic of the Congo,NULL,NULL,0,Member state,180,WCARO,23.65431545,-2.87622576,NULL,Democratic Republic of the Congo
1702,AFRO,CG,CONGO,CG001000000000000000,00:00.0,00:00.0,A32AF07D-ABED-484A-B1E9-4B7B0785C3DC,COG,CNG,Congo,NULL,NULL,0,Member state,178,WCARO,15.22427459,-0.84006603,NULL,Congo
1703,WPRO,PG,PAPUA NEW GUINEA,PG001000000000000000,00:00.0,00:00.0,D4E68089-5DC0-41E2-BAF9-F9BA4BF31FA1,PNG,PNG,Papua New Guinea,NULL,NULL,0,Member state,598,EAPRO,145.2536876,-6.47589335,The country boundary adjusted to accomodate the islands,Papua New Guinea
1705,WPRO,JT,JOHNSTON ATOLL,JT001000000000000000,00:00.0,00:00.0,8BA343DA-06B5-48D1-A422-ABEF20915259,JTN,,United States of America,NULL,NULL,0,Other,0,Undefined,-169.5338036,16.72861477,NULL,Johnston Atoll
1706,WPRO,UM,MIDWAY ISLANDS,UM001000000000000000,00:00.0,00:00.0,F6F4D2FF-4284-4D49-BC1D-6C2DDEBDD0AB,MID,,United States of America,NULL,NULL,0,Other,0,Undefined,-177.3664246,28.20495865,NULL,Midway Islands
1707,WPRO,WK,WAKE ISLAND,WK001000000000000000,00:00.0,00:00.0,1517BE07-8E01-4137-BE80-C493B7D1594C,WAK,,United States of America,NULL,NULL,0,Other,0,Undefined,166.638191,19.30151617,NULL,Wake Island
1708,AFRO,CI,COTE D IVOIRE,CI001000000000000000,00:00.0,00:00.0,927BA47A-D87D-43F9-8642-D19230811E15,CIV,IVC,Cote d Ivoire,NULL,NULL,0,Member state,384,WCARO,-5.55549992,7.6317253,NULL,Cote d Ivoire
